{
    "id": "foundry-plugin",
    "title": "Foundry TS",
    "description": "A simple module using TypeScript",
    "authors": [
        {
            "name": "Yanik Adamson"
        }
    ],
    "version": "1.1.0",
    "compatibility": {
        "minimum": "10",
        "verified": "12.330"
    },
    "esmodules": [
        "scripts/module.js"
    ],
    "languages": [
        {
            "lang": "en",
            "name": "English",
            "path": "languages/en.json"
        }
    ],
    "socket": true,
    "manifest": "https://github.com/adamsonyanik/foundry-plugin/raw/refs/heads/master/src/module.json",
    "download": "https://github.com/adamsonyanik/foundry-plugin/raw/refs/heads/master/module.zip"
}
